Mountpoint,City,Antenna_Name,Antenna_Status,Receiver_Name,Receiver_Status,Firmware,Firmware_Status,Availability,Observation_Ratio,Non_Cycle_Slips,Multipath_MP1,Multipath_MP2,Multipath_MP5,Signals_GPS,Signals_GLO,Signals_GAL,Signals_BDS,Time
2ANG,2ANG_MSM7,TWIVP6050_CONE NONE,True,SEPT ASTERX SB,True,4.8.4,True,100.0,78.92,98.96,27.9,34.2,28.0,1C 2L 2W 5Q,1C 2C 2P,1C 5Q 7Q 8Q,2I 7I,2026-02-02
2ANN,2ANN_MSM7,TWIVC6050 SCIS,True,SEPT ASTERX SB,True,4.8.4,True,100.0,77.8,96.55,18.4,18.6,13.6,1C 2L 2W 5Q,1C 2C 2P,1C 5Q 7Q 8Q,2I 7I,2026-02-02
2AUC,2AUC_MSM7,TWIVC6050 SCIS,True,SEPT ASTERX SB,True,4.8.4,True,100.0,79.74,99.88,30.8,32.1,29.3,1C 2L 2W 5Q,1C 2C 2P,1C 5Q 7Q 8Q,2I 7I,2026-02-02
2BAL,2BAL_MSM7,TWIVC6050 SCIS,True,SEPT ASTERX SB,True,4.8.4,True,100.0,78.81,99.69,23.8,25.9,22.1,1C 2L 2W 5Q,1C 2C 2P,1C 5Q 7Q 8Q,2I 7I,2026-02-02
2BAS,2BAS_MSM7,TWIVC6050 SCIS,True,SEPT ASTERX SB,True,4.8.4,True,99.5,75.95,93.33,22.9,24.8,19.5,1C 2L 2W 5Q,1C 2C 2P,1C 5Q 7Q 8Q,2I 7I,2026-02-02
2BIL,2BIL_MSM7,TWIVP6050_CONE NONE,True,SEPT ASTERX SB,True,4.8.4,True,99.5,76.14,99.39,32.5,37.7,29.2,1C 2L 2W 5Q,1C 2C 2P,1C 5Q 7Q 8Q,2I 7I,2026-02-02
2CAS,2CAS_MSM7,TWIVC6050 SCIS,True,NOV OEM7700-1.02,True,OM7CR0800RN0000,True,18.79,13.25,96.43,41.2,34.1,29.7,1C 2S 2W 5Q,1C 2C 2P,1C 5Q 7Q 8Q,2I 6I 7I,2026-02-02
2CHR,2CHR_MSM7,TRM77971.00     NONE,False,SEPT ASTERX SB,True,4.8.4,True,100.0,79.87,99.1,30.0,32.6,26.2,1C 2L 2W 5Q,1C 2C 2P,1C 5Q 7Q 8Q,2I 7I,2026-02-02
2CIU,2CIU_MSM7,TWIVP6050_CONE NONE,True,SEPT ASTERX SB,True,4.8.4,True,98.0,79.41,99.24,32.9,37.4,31.0,1C 2L 2W 5Q,1C 2C 2P,1C 5Q 7Q 8Q,2I 7I,2026-02-02
2CLI,2CLI_MSM7,CHCA220GR       NONE,False,SEPT ASTERX SB,True,4.8.4,True,96.88,76.93,99.82,38.1,40.6,32.1,1C 2L 2W 5Q,1C 2C 2P,1C 5Q 7Q 8Q,2I 7I,2026-02-02
2CUM,2CUM_MSM7,TWIVP6050_CONE NONE,True,SEPT ASTERX SB,True,4.8.4,True,95.54,76.94,99.17,31.8,35.4,27.6,1C 2L 2W 5Q,1C 2C 2P,1C 5Q 7Q 8Q,2I 7I,2026-02-02
2DUN,2DUN_MSM7,TWIVP6050_CONE NONE,True,SEPT ASTERX SB,True,4.8.4,True,99.79,80.56,99.87,36.9,39.9,32.9,1C 2L 2W 5Q,1C 2C 2P,1C 5Q 7Q 8Q,2I 7I,2026-02-02
2FIG,2FIG_MSM7,TWIVC6050 SCIS,True,SEPT ASTERX SB,True,4.8.4,True,100.0,77.48,98.67,22.4,23.9,19.5,1C 2L 2W 5Q,1C 2C 2P,1C 5Q 7Q 8Q,2I 7I,2026-02-02
2GAW,2GAW_MSM7,TWIVC6050 SCIS,True,SEPT ASTERX SB,True,4.8.4,True,100.0,78.07,98.82,26.1,28.7,23.5,1C 2L 2W 5Q,1C 2C 2P,1C 5Q 7Q 8Q,2I 7I,2026-02-02
2IMP,2IMP_MSM7,TWIVP6050_CONE NONE,True,SEPT ASTERX SB,True,4.8.4,True,99.25,75.93,94.12,31.9,32.2,24.6,1C 2L 2W 5Q,1C 2C 2P,1C 5Q 7Q 8Q,2I 7I,2026-02-02
2INV,2INV_MSM7,TWIVP6050_CONE NONE,True,SEPT ASTERX SB,True,4.8.4,True,100.0,80.84,99.76,35.8,39.0,32.3,1C 2L 2W 5Q,1C 2C 2P,1C 5Q 7Q 8Q,2I 7I,2026-02-02
2KIR,2KIR_MSM7,TWIVC6050 SCIS,True,SEPT ASTERX SB,True,4.8.4,True,100.0,81.24,97.37,23.1,23.9,18.1,1C 2L 2W 5Q,1C 2C 2P,1C 5Q 7Q 8Q,2I 7I,2026-02-02
2LIA,2LIA_MSM7,TWIVP6050_CONE NONE,True,SEPT ASTERX SB,True,4.8.4,True,100.0,78.94,98.33,35.0,40.7,31.1,1C 2L 2W 5Q,1C 2C 2P,1C 5Q 7Q 8Q,2I 7I,2026-02-02
2NER,2NER_MSM7,TWIVC6050 SCIS,True,SEPT ASTERX SB,True,4.8.4,True,99.54,77.68,99.7,24.1,25.6,21.6,1C 2L 2W 5Q,1C 2C 2P,1C 5Q 7Q 8Q,2I 7I,2026-02-02
2OBA,2OBA_MSM7,TWIVP6050_CONE NONE,True,SEPT ASTERX SB,True,4.8.4,True,99.58,79.15,99.75,34.1,40.0,35.2,1C 2L 2W 5Q,1C 2C 2P,1C 5Q 7Q 8Q,2I 7I,2026-02-02
2PIM,2PIM_MSM7,TRM77971.00 NONE,True,SEPT ASTERX SB,True,4.8.4,True,100.0,79.96,99.34,44.9,42.6,38.4,1C 2L 2W 5Q,1C 2C 2P,1C 5Q 7Q 8Q,2I 7I,2026-02-02
2SAL,2SAL_MSM7,TWIVP6050_CONE NONE,True,SEPT ASTERX SB,True,4.8.4,True,98.08,78.84,99.8,25.8,31.2,26.6,1C 2L 2W 5Q,1C 2C 2P,1C 5Q 7Q 8Q,2I 7I,2026-02-02
2TER,2TER_MSM7,TWIVP6050_CONE NONE,True,SEPT ASTERX SB,True,4.8.4,True,99.33,80.5,98.33,27.6,32.4,26.3,1C 2L 2W 5Q,1C 2C 2P,1C 5Q 7Q 8Q,2I 7I,2026-02-02
2UBE,2UBE_MSM7,TWIVP6050_CONE NONE,True,SEPT ASTERX SB,True,4.8.4,True,96.92,78.34,97.92,33.9,35.1,27.0,1C 2L 2W 5Q,1C 2C 2P,1C 5Q 7Q 8Q,2I 7I,2026-02-02
2VIE,2VIE_MSM7,TWIVC6050 SCIS,True,SEPT ASTERX SB,True,4.8.4,True,100.0,79.83,99.15,29.2,28.8,24.2,1C 2L 2W 5Q,1C 2C 2P,1C 5Q 7Q 8Q,2I 7I,2026-02-02
2WOR,2WOR_MSM7,CHCA220GR       NONE,False,SEPT ASTERX SB,True,4.8.4,True,98.0,77.69,99.49,34.6,42.0,36.3,1C 2L 2W 5Q,1C 2C 2P,1C 5Q 7Q 8Q,2I 7I,2026-02-02
FRAG,Angresse,CHCC220GR2 CHCD,True,TRIMBLE BD990,True,"5.61,27/JUN/2023",True,99.71,73.2,92.31,16.6,22.3,16.8,1C 2W 2X 5X,1C 2C,1X 5X 7X 8X,2I 6I 7I,2026-02-02
FRAV,Aveze,CHCC220GR2 CHCD,True,TRIMBLE BD990,True,"5.61,27/JUN/2023",True,100.0,72.16,93.33,16.0,21.6,27.3,1C 2W 5X,1C 2C,1X 5X 6X 7X 8X,2I 6I 7I,2026-02-02
FRBA,Barcelonette,CHCC220GR2 CHCD,True,TRIMBLE BD990,True,"5.61,27/JUN/2023",True,100.0,66.83,97.3,14.6,24.5,26.8,1C 2W 5X,1C 1P 2C 2P,1X 5X 6X 7X 8X,2I 6I 7I,2026-02-02
FRCP,Case_De_Pene,CHCC220GR2 CHCD,True,TRIMBLE BD990,True,"5.61,27/JUN/2023",True,100.0,68.22,97.87,14.9,27.1,29.7,1C 2W 5X,1C 1P 2C 2P,1X 5X 7X 8X,2I 7I,2026-02-02
FRCT,Castellane,CHCC220GR2 CHCD,True,TRIMBLE BD990,True,"5.61,27/JUN/2023",True,100.0,64.56,97.87,16.8,21.4,26.3,1C 2W 5X,1C 1P 2C 2P,1X 5X 6X 7X 8X,2I 6I 7I,2026-02-02
FRCA,Castres,CHCC220GR2 CHCD,True,TRIMBLE BD990,True,"5.61,27/JUN/2023",True,100.0,73.12,95.45,16.5,23.7,27.1,1C 2W 5X,1C 2C,1X 5X 6X 7X 8X,2I 6I 7I,2026-02-02
FRCD,Chateau_D_Olonne,CHCC220GR2 CHCD,True,TRIMBLE BD970,True,"5.41,24/APR/2019",True,99.29,75.98,99.94,27.2,21.6,19.9,1C 2W 5X,1C 2C,1X 5X 7X 8X,2I 7I,2026-02-02
FRDM,Dhuis_Et_Morin_En_Brie,CHCC220GR2 CHCD,True,TRIMBLE BD990,True,"5.61,27/JUN/2023",True,100.0,72.14,93.75,13.5,21.3,25.9,1C 2W 5X,1C 2C,1X 5X 6X 7X 8X,2I 6I 7I,2026-02-02
FRDO,Dontcourt_Aux_Templiers,CHCC220GR2 CHCD,True,TRIMBLE BD990,True,"5.61,27/JUN/2023",True,100.0,70.97,93.33,13.6,22.3,26.1,1C 2W 5X,1C 2C,1X 5X 6X 7X 8X,2I 6I 7I,2026-02-02
FRDZ,Donzere,CHCC220GR2 CHCD,True,TRIMBLE BD990,True,"5.61,27/JUN/2023",True,100.0,71.99,91.67,13.6,21.4,25.1,1C 2W 5X,1C 2C,1X 5X 6X 7X 8X,2I 6I 7I,2026-02-02
FRDR,Drucat,CHCC220GR CHCD,True,TRIMBLE BD970,True,"5.41,24/APR/2019",True,100.0,62.08,99.84,27.5,25.1,23.8,1C 2W 5X,1C 2C,1X 5X 7X 8X,2I 7I,2026-02-02
FREB,Ebersheim,CHCC220GR CHCD,True,TRIMBLE BD970,True,"5.41,24/APR/2019",True,100.0,61.33,99.85,26.7,24.7,23.3,1C 2W 5X,1C 2C,1X 5X 7X 8X,2I 7I,2026-02-02
FRGU,Guidel,CHCC220GR CHCD,True,TRIMBLE BD970,True,"5.41,24/APR/2019",True,100.0,62.12,99.75,28.0,26.8,0.0,1C 2W,1C 2C,1X 5X 7X 8X,2I 7I,2026-02-02
FRBO,La_Bourdiniere,CHCC220GR2 CHCD,True,TRIMBLE BD970,True,"5.41,24/APR/2019",True,100.0,63.03,99.83,26.5,22.8,21.9,1C 2W 5X,1C 2C,1X 5X 7X 8X,2I 7I,2026-02-02
FRPE,Le_Puy_En_Velay,CHCC220GR2 CHCD,True,TRIMBLE BD990,True,"5.61,27/JUN/2023",True,100.0,72.28,98.39,14.2,23.2,27.6,1C 2W 5X,1C 2C,1X 5X 6X 7X 8X,2I 6I 7I,2026-02-02
FRMY,Maye,CHCC220GR CHCD,True,TRIMBLE BD970,True,"5.41,24/APR/2019",True,100.0,63.04,99.8,30.6,25.8,25.9,1C 2W 5X,1C 2C,1X 5X 7X 8X,2I 7I,2026-02-02
FRMZ,Mazan,CHCC220GR2 CHCD,True,TRIMBLE BD990,True,"5.61,27/JUN/2023",True,100.0,71.89,80.0,14.7,22.8,29.2,1C 2W 5X,1C 2C,1X 5X 6X 7X 8X,2I 6I 7I,2026-02-02
FRME,Melle,CHCC220GR2 CHCD,True,TRIMBLE BD990,True,"5.61,27/JUN/2023",True,99.62,72.68,91.67,14.7,21.8,23.7,1C 2W 5X,1C 1P 2C,1X 5X 6X 7X 8X,2I 6I 7I,2026-02-02
FRMS,Mours_Saint_Eusebe,CHCC220GR2 CHCD,True,TRIMBLE BD970,True,"5.41,24/APR/2019",True,100.0,64.77,99.88,25.7,19.4,19.8,1C 2W 5X,1C 2C,1X 5X 7X 8X,2I 7I,2026-02-02
FRNE,Neuville,CHCC220GR CHCD,True,TRIMBLE BD970,True,"5.41,24/APR/2019",True,100.0,75.56,99.94,30.6,28.5,26.7,1C 2W 5X,1C 2C,1X 5X 7X 8X,2I 7I,2026-02-02
FRNU,Nuisement,CHCC220GR CHCD,True,TRIMBLE BD970,True,"5.41,24/APR/2019",True,99.92,72.73,99.78,35.2,39.7,39.4,1C 2W 5X,1C 2C,1X 5X 7X 8X,2I 7I,2026-02-02
FRPA,Piau_Engal,CHCC220GR CHCD,False,TRIMBLE BD970,False,"5.41,24/APR/2019",False,100.0,70.09,94.12,16.0,21.7,14.0,1C 1X 2W 5X,1C 2C,1X 5X 6X 7X 8X,2I 6I 7I,2026-02-02
FRPL,Plouhinec,CHCC220GR2 CHCD,True,TRIMBLE BD990,True,"5.61,27/JUN/2023",True,99.38,71.25,90.0,15.9,24.9,27.6,1C 2W 5X,1C 2C 2P,1X 5X 6X 7X 8X,2I 6I 7I,2026-02-02
FRSL,Sabl,CHCC220GR CHCD,True,TRIMBLE BD990,True,"5.61,27/JUN/2023",True,100.0,76.14,92.31,15.5,24.0,24.7,1C 2W 5X,1C 2C 2P,1X 5X 6X 7X 8X,2I 6I 7I,2026-02-02
FRSN,Saint_Nabord,CHCC220GR2 CHCD,True,TRIMBLE BD990,True,"5.61,27/JUN/2023",True,100.0,70.63,93.75,16.2,25.8,30.9,1C 2W 5X,1C 2C 2P,1X 5X 6X 7X 8X,2I 6I 7I,2026-02-02
FRSU,Sautron,CHCC220GR2 CHCD,True,TRIMBLE BD970,True,"5.41,24/APR/2019",True,100.0,61.16,99.74,26.9,27.9,30.4,1C 2W 5X,1C 2C,1X 5X 7X 8X,2I 7I,2026-02-02
FRSV,Saviere,CHCC220GR2 CHCD,True,TRIMBLE BD990,True,"5.61,27/JUN/2023",True,100.0,69.7,98.18,13.8,24.2,28.0,1C 1X 2W 5X,1C 1P 2C 2P,1X 5X 6X 7X 8X,2I 6I 7I,2026-02-02
FRUN,Ugine,CHCC220GR2 CHCD,True,TRIMBLE BD990,True,"5.61,27/JUN/2023",True,100.0,64.14,97.3,18.3,26.1,29.1,1C 2W 5X,1C 2C 2P,1X 5X 6X 7X 8X,2I 6I 7I,2026-02-02
FRVL,Villevaude,CHCC220GR2 CHCD,True,TRIMBLE BD990,True,"5.61,27/JUN/2023",True,100.0,71.95,85.71,16.0,29.3,19.7,1C 1X 2W 5X,1C 2C,1X 5X 6X 7X 8X,2I 6I 7I,2026-02-02
FRSI,Saint_Pantaleon_De_Larche,CHCC220GR2 CHCD,True,TRIMBLE BD990,True,"5.61,27/JUN/2023",True,100.0,73.33,85.72,14.7,22.9,27.1,1C 2W 5X,1C 2C,1X 5X 6X 7X 8X,2I 6I 7I,2026-02-02
FRCH,Cherbourg,CHCC220GR CHCD,True,TRIMBLE BD970,True,"5.41,24/APR/2019",True,99.71,62.37,99.8,29.1,26.6,24.3,1C 2W 5X,1C 2C,1X 5X 7X 8X,2I 7I,2026-02-02
2ANG,2ANG_MSM7,TWIVP6050_CONE NONE,True,SEPT ASTERX SB,True,4.8.4,True,100.0,79.99,99.14,27.5,34.2,28.6,1C 2L 2W 5Q,1C 2C 2P,1C 5Q 7Q 8Q,2I 7I,2026-02-03
2ANN,2ANN_MSM7,TWIVC6050 SCIS,True,SEPT ASTERX SB,True,4.8.4,True,100.0,78.62,98.96,18.1,18.6,13.7,1C 2L 2W 5Q,1C 2C 2P,1C 5Q 7Q 8Q,2I 7I,2026-02-03
2AUC,2AUC_MSM7,TWIVC6050 SCIS,True,SEPT ASTERX SB,True,4.8.4,True,99.75,80.5,99.87,30.7,31.7,27.9,1C 2L 2W 5Q,1C 2C 2P,1C 5Q 7Q 8Q,2I 7I,2026-02-03
2BAL,2BAL_MSM7,TWIVC6050 SCIS,True,SEPT ASTERX SB,True,4.8.4,True,99.79,80.08,99.66,23.3,25.8,21.6,1C 2L 2W 5Q,1C 2C 2P,1C 5Q 7Q 8Q,2I 7I,2026-02-03
2BAS,2BAS_MSM7,TWIVC6050 SCIS,True,SEPT ASTERX SB,True,4.8.4,True,99.54,76.21,96.43,22.4,24.4,19.4,1C 2L 2W 5Q,1C 2C 2P,1C 5Q 7Q 8Q,2I 7I,2026-02-03
2BIL,2BIL_MSM7,TWIVP6050_CONE NONE,True,SEPT ASTERX SB,True,4.8.4,True,100.0,78.09,99.58,33.0,37.9,29.0,1C 2L 2W 5Q,1C 2C 2P,1C 5Q 7Q 8Q,2I 7I,2026-02-03
2CAS,2CAS_MSM7,TWIVC6050 SCIS,True,NOV OEM7700-1.02,True,OM7CR0800RN0000,True,99.75,77.47,98.73,38.0,33.9,28.6,1C 2S 2W 5Q,1C 2C 2P,1C 5Q 7Q 8Q,2I 6I 7I,2026-02-03
2CHR,2CHR_MSM7,TRM77971.00     NONE,False,SEPT ASTERX SB,True,4.8.4,True,97.87,79.33,99.34,30.2,32.8,26.6,1C 2L 2W 5Q,1C 2C 2P,1C 5Q 7Q 8Q,2I 7I,2026-02-03
2CIU,2CIU_MSM7,TWIVP6050_CONE NONE,True,SEPT ASTERX SB,True,4.8.4,True,99.54,81.67,99.17,33.2,37.9,31.3,1C 2L 2W 5Q,1C 2C 2P,1C 5Q 7Q 8Q,2I 7I,2026-02-03
2CLI,2CLI_MSM7,CHCA220GR       NONE,False,SEPT ASTERX SB,True,4.8.4,True,97.46,78.6,99.75,36.7,39.6,31.2,1C 2L 2W 5Q,1C 2C 2P,1C 5Q 7Q 8Q,2I 7I,2026-02-03
2CUM,2CUM_MSM7,TWIVP6050_CONE NONE,True,SEPT ASTERX SB,True,4.8.4,True,100.0,81.54,98.95,32.2,35.8,27.6,1C 2L 2W 5Q,1C 2C 2P,1C 5Q 7Q 8Q,2I 7I,2026-02-03
2DUN,2DUN_MSM7,TWIVP6050_CONE NONE,True,SEPT ASTERX SB,True,4.8.4,True,99.75,81.65,99.84,36.7,40.1,32.3,1C 2L 2W 5Q,1C 2C 2P,1C 5Q 7Q 8Q,2I 7I,2026-02-03
2FIG,2FIG_MSM7,TWIVC6050 SCIS,True,SEPT ASTERX SB,True,4.8.4,True,99.75,78.07,99.19,21.5,23.6,19.0,1C 2L 2W 5Q,1C 2C 2P,1C 5Q 7Q 8Q,2I 7I,2026-02-03
2GAW,2GAW_MSM7,TWIVC6050 SCIS,True,SEPT ASTERX SB,True,4.8.4,True,99.71,78.8,98.8,25.6,28.6,23.1,1C 2L 2W 5Q,1C 2C 2P,1C 5Q 7Q 8Q,2I 7I,2026-02-03
2IMP,2IMP_MSM7,TWIVP6050_CONE NONE,True,SEPT ASTERX SB,True,4.8.4,True,98.88,76.61,96.43,32.9,32.4,24.6,1C 2L 2W 5Q,1C 2C 2P,1C 5Q 7Q 8Q,2I 7I,2026-02-03
2INV,2INV_MSM7,TWIVP6050_CONE NONE,True,SEPT ASTERX SB,True,4.8.4,True,99.75,81.64,99.78,36.0,38.4,32.5,1C 2L 2W 5Q,1C 2C 2P,1C 5Q 7Q 8Q,2I 7I,2026-02-03
2KIR,2KIR_MSM7,TWIVC6050 SCIS,True,SEPT ASTERX SB,True,4.8.4,True,99.79,81.98,96.77,23.0,23.7,17.6,1C 2L 2W 5Q,1C 2C 2P,1C 5Q 7Q 8Q,2I 7I,2026-02-03
2LIA,2LIA_MSM7,TWIVP6050_CONE NONE,True,SEPT ASTERX SB,True,4.8.4,True,99.79,79.88,97.56,35.8,40.8,30.7,1C 2L 2W 5Q,1C 2C 2P,1C 5Q 7Q 8Q,2I 7I,2026-02-03
2NER,2NER_MSM7,TWIVC6050 SCIS,True,SEPT ASTERX SB,True,4.8.4,True,100.0,79.27,99.6,23.1,24.5,22.1,1C 2L 2W 5Q,1C 2C 2P,1C 5Q 7Q 8Q,2I 7I,2026-02-03
2OBA,2OBA_MSM7,TWIVP6050_CONE NONE,True,SEPT ASTERX SB,True,4.8.4,True,99.5,80.13,99.64,34.6,39.9,35.1,1C 2L 2W 5Q,1C 2C 2P,1C 5Q 7Q 8Q,2I 7I,2026-02-03
2PIM,2PIM_MSM7,TRM77971.00 NONE,True,SEPT ASTERX SB,True,4.8.4,True,100.0,81.15,99.31,45.1,42.7,37.7,1C 2L 2W 5Q,1C 2C 2P,1C 5Q 7Q 8Q,2I 7I,2026-02-03
2SAL,2SAL_MSM7,TWIVP6050_CONE NONE,True,SEPT ASTERX SB,True,4.8.4,True,99.54,81.04,99.8,25.6,31.0,27.1,1C 2L 2W 5Q,1C 2C 2P,1C 5Q 7Q 8Q,2I 7I,2026-02-03
2TER,2TER_MSM7,TWIVP6050_CONE NONE,True,SEPT ASTERX SB,True,4.8.4,True,98.71,80.89,98.63,27.3,32.5,26.3,1C 2L 2W 5Q,1C 2C 2P,1C 5Q 7Q 8Q,2I 7I,2026-02-03
2UBE,2UBE_MSM7,TWIVP6050_CONE NONE,True,SEPT ASTERX SB,True,4.8.4,True,99.79,81.61,98.7,34.3,35.0,26.4,1C 2L 2W 5Q,1C 2C 2P,1C 5Q 7Q 8Q,2I 7I,2026-02-03
2VIE,2VIE_MSM7,TWIVC6050 SCIS,True,SEPT ASTERX SB,True,4.8.4,True,100.0,80.5,99.45,29.3,29.2,24.8,1C 2L 2W 5Q,1C 2C 2P,1C 5Q 7Q 8Q,2I 7I,2026-02-03
2WOR,2WOR_MSM7,CHCA220GR       NONE,False,SEPT ASTERX SB,True,4.8.4,True,97.42,78.4,99.24,33.5,46.8,37.4,1C 2L 2W 5Q,1C 2C 2P,1C 5Q 7Q 8Q,2I 7I,2026-02-03
FRAG,Angresse,CHCC220GR2 CHCD,True,TRIMBLE BD990,True,"5.61,27/JUN/2023",True,99.71,74.32,95.46,16.5,22.2,17.0,1C 2W 2X 5X,1C 2C,1X 5X 7X 8X,2I 6I 7I,2026-02-03
FRAV,Aveze,CHCC220GR2 CHCD,True,TRIMBLE BD990,True,"5.61,27/JUN/2023",True,100.0,72.92,94.12,16.4,22.0,27.6,1C 2W 5X,1C 1P 2C 2P,1X 5X 6X 7X 8X,2I 6I 7I,2026-02-03
FRBA,Barcelonette,CHCC220GR2 CHCD,True,TRIMBLE BD990,True,"5.61,27/JUN/2023",True,100.0,67.59,97.14,14.4,24.5,28.1,1C 2W 5X,1C 1P 2C,1X 5X 6X 7X 8X,2I 6I 7I,2026-02-03
FRCP,Case_De_Pene,CHCC220GR2 CHCD,True,TRIMBLE BD990,True,"5.61,27/JUN/2023",True,100.0,69.16,97.92,14.9,27.2,30.5,1C 2W 5X,1C 1P 2C 2P,1X 5X 7X 8X,2I 7I,2026-02-03
FRCT,Castellane,CHCC220GR2 CHCD,True,TRIMBLE BD990,True,"5.61,27/JUN/2023",True,100.0,64.97,97.5,17.0,21.6,26.2,1C 2W 5X,1C 1P 2C,1X 5X 6X 7X 8X,2I 6I 7I,2026-02-03
FRCA,Castres,CHCC220GR2 CHCD,True,TRIMBLE BD990,True,"5.61,27/JUN/2023",True,100.0,73.89,96.0,15.8,24.2,26.8,1C 2W 5X,1C 2C,1X 5X 6X 7X 8X,2I 6I 7I,2026-02-03
FRCD,Chateau_D_Olonne,CHCC220GR2 CHCD,True,TRIMBLE BD970,True,"5.41,24/APR/2019",True,100.0,77.87,99.95,27.3,21.9,20.6,1C 2W 5X,1C 2C,1X 5X 7X 8X,2I 7I,2026-02-03
FRDM,Dhuis_Et_Morin_En_Brie,CHCC220GR2 CHCD,True,TRIMBLE BD990,True,"5.61,27/JUN/2023",True,100.0,73.2,92.31,13.4,21.2,26.0,1C 2W 5X,1C 2C,1X 5X 6X 7X 8X,2I 6I 7I,2026-02-03
FRDO,Dontcourt_Aux_Templiers,CHCC220GR2 CHCD,True,TRIMBLE BD990,True,"5.61,27/JUN/2023",True,100.0,71.97,87.5,13.7,22.3,25.9,1C 2W 5X,1C 2C,1X 5X 6X 7X 8X,2I 6I 7I,2026-02-03
FRDZ,Donzere,CHCC220GR2 CHCD,True,TRIMBLE BD990,True,"5.61,27/JUN/2023",True,100.0,72.89,96.15,13.4,21.1,25.3,1C 2W 5X,1C 2C,1X 5X 6X 7X 8X,2I 6I 7I,2026-02-03
FRDR,Drucat,CHCC220GR CHCD,True,TRIMBLE BD970,True,"5.41,24/APR/2019",True,100.0,62.71,99.86,27.4,24.5,23.6,1C 2W 5X,1C 2C,1X 5X 7X 8X,2I 7I,2026-02-03
FREB,Ebersheim,CHCC220GR CHCD,True,TRIMBLE BD970,True,"5.41,24/APR/2019",True,100.0,62.26,99.85,26.7,24.9,23.4,1C 2W 5X,1C 2C,1X 5X 7X 8X,2I 7I,2026-02-03
FRGU,Guidel,CHCC220GR CHCD,True,TRIMBLE BD970,True,"5.41,24/APR/2019",True,99.75,62.78,99.74,27.7,26.5,0.0,1C 2W,1C 2C,1X 5X 7X 8X,2I 7I,2026-02-03
FRBO,La_Bourdiniere,CHCC220GR2 CHCD,True,TRIMBLE BD970,True,"5.41,24/APR/2019",True,100.0,64.11,99.84,26.7,22.8,21.9,1C 2W 5X,1C 2C,1X 5X 7X 8X,2I 7I,2026-02-03
FRPE,Le_Puy_En_Velay,CHCC220GR2 CHCD,True,TRIMBLE BD990,True,"5.61,27/JUN/2023",True,100.0,73.11,97.73,13.8,22.8,27.5,1C 2W 5X,1C 2C 2P,1X 5X 6X 7X 8X,2I 6I 7I,2026-02-03
FRMY,Maye,CHCC220GR CHCD,True,TRIMBLE BD970,True,"5.41,24/APR/2019",True,100.0,64.13,99.81,31.1,26.0,26.9,1C 2W 5X,1C 2C,1X 5X 7X 8X,2I 7I,2026-02-03
FRMZ,Mazan,CHCC220GR2 CHCD,True,TRIMBLE BD990,True,"5.61,27/JUN/2023",True,100.0,72.69,90.0,15.0,23.1,29.2,1C 2W 5X,1C 2C,1X 5X 6X 7X 8X,2I 6I 7I,2026-02-03
FRME,Melle,CHCC220GR2 CHCD,True,TRIMBLE BD990,True,"5.61,27/JUN/2023",True,100.0,74.04,94.44,14.5,21.4,23.5,1C 2W 5X,1C 1P 2C 2P,1X 5X 6X 7X 8X,2I 6I 7I,2026-02-03
FRMS,Mours_Saint_Eusebe,CHCC220GR2 CHCD,True,TRIMBLE BD970,True,"5.41,24/APR/2019",True,100.0,65.97,99.89,25.6,19.7,19.9,1C 2W 5X,1C 2C,1X 5X 7X 8X,2I 7I,2026-02-03
FRNE,Neuville,CHCC220GR CHCD,True,TRIMBLE BD970,True,"5.41,24/APR/2019",True,100.0,76.55,99.94,31.7,28.8,26.1,1C 2W 5X,1C 2C,1X 5X 7X 8X,2I 7I,2026-02-03
FRNU,Nuisement,CHCC220GR CHCD,True,TRIMBLE BD970,True,"5.41,24/APR/2019",True,98.71,72.73,99.76,35.2,39.0,39.4,1C 2W 5X,1C 2C,1X 5X 7X 8X,2I 7I,2026-02-03
FRPA,Piau_Engal,CHCC220GR CHCD,False,TRIMBLE BD970,False,"5.41,24/APR/2019",False,100.0,70.67,94.45,15.4,21.8,13.7,1C 1X 2W 5X,1C 2C,1X 5X 6X 7X 8X,2I 6I 7I,2026-02-03
FRPL,Plouhinec,CHCC220GR2 CHCD,True,TRIMBLE BD990,True,"5.61,27/JUN/2023",True,99.75,72.63,91.67,15.8,24.3,27.4,1C 2W 5X,1C 1P 2C 2P,1X 5X 6X 7X 8X,2I 6I 7I,2026-02-03
FRSL,Sabl,CHCC220GR CHCD,True,TRIMBLE BD990,True,"5.61,27/JUN/2023",True,100.0,77.11,93.75,15.6,23.5,24.3,1C 2W 5X,1C 1P 2C,1X 5X 6X 7X 8X,2I 6I 7I,2026-02-03
FRSN,Saint_Nabord,CHCC220GR2 CHCD,True,TRIMBLE BD990,True,"5.61,27/JUN/2023",True,100.0,71.55,91.67,15.8,25.7,30.7,1C 2W 5X,1C 2C,1X 5X 6X 7X 8X,2I 6I 7I,2026-02-03
FRSU,Sautron,CHCC220GR2 CHCD,True,TRIMBLE BD970,True,"5.41,24/APR/2019",True,99.75,62.12,99.79,27.4,27.9,30.4,1C 2W 5X,1C 2C,1X 5X 7X 8X,2I 7I,2026-02-03
FRSV,Saviere,CHCC220GR2 CHCD,True,TRIMBLE BD990,True,"5.61,27/JUN/2023",True,100.0,70.83,99.02,14.1,24.4,27.8,1C 1X 2W 5X,1C 1P 2C 2P,1X 5X 6X 7X 8X,2I 6I 7I,2026-02-03
FRUN,Ugine,CHCC220GR2 CHCD,True,TRIMBLE BD990,True,"5.61,27/JUN/2023",True,100.0,64.84,96.67,19.2,26.6,29.3,1C 2W 5X,1C 1P 2C,1X 5X 6X 7X 8X,2I 6I 7I,2026-02-03
FRVL,Villevaude,CHCC220GR2 CHCD,True,TRIMBLE BD990,True,"5.61,27/JUN/2023",True,100.0,73.35,90.0,15.5,28.2,18.6,1C 1X 2W 5X,1C 2C,1X 5X 6X 7X 8X,2I 6I 7I,2026-02-03
FRSI,Saint_Pantaleon_De_Larche,CHCC220GR2 CHCD,True,TRIMBLE BD990,True,"5.61,27/JUN/2023",True,100.0,74.38,88.89,14.3,22.9,26.8,1C 2W 5X,1C 2C,1X 5X 6X 7X 8X,2I 6I 7I,2026-02-03
FRCH,Cherbourg,CHCC220GR CHCD,True,TRIMBLE BD970,True,"5.41,24/APR/2019",True,100.0,63.62,99.82,29.2,26.6,24.7,1C 2W 5X,1C 2C,1X 5X 7X 8X,2I 7I,2026-02-03
2ANG,2ANG_MSM7,TWIVP6050_CONE NONE,True,SEPT ASTERX SB,True,4.8.4,True,100.0,78.47,98.77,28.2,34.5,28.0,1C 2L 2W 5Q,1C 2C 2P,1C 5Q 7Q 8Q,2I 7I,2026-02-04
2ANN,2ANN_MSM7,TWIVC6050 SCIS,True,SEPT ASTERX SB,True,4.8.4,True,100.0,78.67,97.62,18.3,18.5,13.9,1C 2L 2W 5Q,1C 2C 2P,1C 5Q 7Q 8Q,2I 7I,2026-02-04
2AUC,2AUC_MSM7,TWIVC6050 SCIS,True,SEPT ASTERX SB,True,4.8.4,True,100.0,79.41,99.89,31.7,32.1,29.2,1C 2L 2W 5Q,1C 2C 2P,1C 5Q 7Q 8Q,2I 7I,2026-02-04
2BAL,2BAL_MSM7,TWIVC6050 SCIS,True,SEPT ASTERX SB,True,4.8.4,True,100.0,78.83,99.65,23.8,25.5,22.0,1C 2L 2W 5Q,1C 2C 2P,1C 5Q 7Q 8Q,2I 7I,2026-02-04
2BAS,2BAS_MSM7,TWIVC6050 SCIS,True,SEPT ASTERX SB,True,4.8.4,True,100.0,76.65,91.67,22.3,24.8,19.3,1C 2L 2W 5Q,1C 2C 2P,1C 5Q 7Q 8Q,2I 7I,2026-02-04
2BIL,2BIL_MSM7,TWIVP6050_CONE NONE,True,SEPT ASTERX SB,True,4.8.4,True,99.58,77.44,99.52,33.8,38.4,28.7,1C 2L 2W 5Q,1C 2C 2P,1C 5Q 7Q 8Q,2I 7I,2026-02-04
2CAS,2CAS_MSM7,TWIVC6050 SCIS,True,NOV OEM7700-1.02,True,OM7CR0800RN0000,True,99.58,75.97,98.28,38.2,34.0,27.8,1C 2S 2W 5Q,1C 2C 2P,1C 5Q 7Q 8Q,2I 6I 7I,2026-02-04
2CHR,2CHR_MSM7,TRM77971.00     NONE,False,SEPT ASTERX SB,True,4.8.4,True,99.79,79.3,99.15,30.1,32.7,26.7,1C 2L 2W 5Q,1C 2C 2P,1C 5Q 7Q 8Q,2I 7I,2026-02-04
2CIU,2CIU_MSM7,TWIVP6050_CONE NONE,True,SEPT ASTERX SB,True,4.8.4,True,98.04,80.48,99.39,33.0,37.2,30.7,1C 2L 2W 5Q,1C 2C 2P,1C 5Q 7Q 8Q,2I 7I,2026-02-04
2CLI,2CLI_MSM7,CHCA220GR       NONE,False,SEPT ASTERX SB,True,4.8.4,True,95.62,75.71,99.82,38.7,41.9,33.4,1C 2L 2W 5Q,1C 2C 2P,1C 5Q 7Q 8Q,2I 7I,2026-02-04
2CUM,2CUM_MSM7,TWIVP6050_CONE NONE,True,SEPT ASTERX SB,True,4.8.4,True,97.46,79.31,98.82,32.0,36.6,27.9,1C 2L 2W 5Q,1C 2C 2P,1C 5Q 7Q 8Q,2I 7I,2026-02-04
2DUN,2DUN_MSM7,TWIVP6050_CONE NONE,True,SEPT ASTERX SB,True,4.8.4,True,99.79,80.28,99.87,37.2,41.1,33.4,1C 2L 2W 5Q,1C 2C 2P,1C 5Q 7Q 8Q,2I 7I,2026-02-04
2FIG,2FIG_MSM7,TWIVC6050 SCIS,True,SEPT ASTERX SB,True,4.8.4,True,100.0,78.22,98.44,21.4,24.1,19.6,1C 2L 2W 5Q,1C 2C 2P,1C 5Q 7Q 8Q,2I 7I,2026-02-04
2GAW,2GAW_MSM7,TWIVC6050 SCIS,True,SEPT ASTERX SB,True,4.8.4,True,99.83,77.7,96.97,25.6,29.2,23.7,1C 2L 2W 5Q,1C 2C 2P,1C 5Q 7Q 8Q,2I 7I,2026-02-04
2IMP,2IMP_MSM7,TWIVP6050_CONE NONE,True,SEPT ASTERX SB,True,4.8.4,True,99.12,76.46,95.45,32.1,32.1,24.0,1C 2L 2W 5Q,1C 2C 2P,1C 5Q 7Q 8Q,2I 7I,2026-02-04
2INV,2INV_MSM7,TWIVP6050_CONE NONE,True,SEPT ASTERX SB,True,4.8.4,True,100.0,80.57,99.75,35.7,38.8,32.2,1C 2L 2W 5Q,1C 2C 2P,1C 5Q 7Q 8Q,2I 7I,2026-02-04
2KIR,2KIR_MSM7,TWIVC6050 SCIS,True,SEPT ASTERX SB,True,4.8.4,True,99.79,80.68,98.78,22.7,23.8,17.7,1C 2L 2W 5Q,1C 2C 2P,1C 5Q 7Q 8Q,2I 7I,2026-02-04
2LIA,2LIA_MSM7,TWIVP6050_CONE NONE,True,SEPT ASTERX SB,True,4.8.4,True,100.0,78.44,98.31,35.4,41.0,31.0,1C 2L 2W 5Q,1C 2C 2P,1C 5Q 7Q 8Q,2I 7I,2026-02-04
2NER,2NER_MSM7,TWIVC6050 SCIS,True,SEPT ASTERX SB,True,4.8.4,True,100.0,77.95,99.52,23.7,25.1,21.9,1C 2L 2W 5Q,1C 2C 2P,1C 5Q 7Q 8Q,2I 7I,2026-02-04
2OBA,2OBA_MSM7,TWIVP6050_CONE NONE,True,SEPT ASTERX SB,True,4.8.4,True,99.5,78.84,99.69,35.1,40.2,35.0,1C 2L 2W 5Q,1C 2C 2P,1C 5Q 7Q 8Q,2I 7I,2026-02-04
2PIM,2PIM_MSM7,TRM77971.00 NONE,True,SEPT ASTERX SB,True,4.8.4,True,99.96,79.61,99.32,45.8,42.7,38.2,1C 2L 2W 5Q,1C 2C 2P,1C 5Q 7Q 8Q,2I 7I,2026-02-04
2SAL,2SAL_MSM7,TWIVP6050_CONE NONE,True,SEPT ASTERX SB,True,4.8.4,True,98.88,80.61,99.81,25.5,31.3,26.6,1C 2L 2W 5Q,1C 2C 2P,1C 5Q 7Q 8Q,2I 7I,2026-02-04
2TER,2TER_MSM7,TWIVP6050_CONE NONE,True,SEPT ASTERX SB,True,4.8.4,True,99.79,82.03,96.97,27.6,32.8,26.3,1C 2L 2W 5Q,1C 2C 2P,1C 5Q 7Q 8Q,2I 7I,2026-02-04
2UBE,2UBE_MSM7,TWIVP6050_CONE NONE,True,SEPT ASTERX SB,True,4.8.4,True,96.58,78.9,99.01,33.7,35.0,26.8,1C 2L 2W 5Q,1C 2C 2P,1C 5Q 7Q 8Q,2I 7I,2026-02-04
2VIE,2VIE_MSM7,TWIVC6050 SCIS,True,SEPT ASTERX SB,True,4.8.4,True,99.33,79.59,99.44,29.4,29.6,24.4,1C 2L 2W 5Q,1C 2C 2P,1C 5Q 7Q 8Q,2I 7I,2026-02-04
2WOR,2WOR_MSM7,CHCA220GR       NONE,False,SEPT ASTERX SB,True,4.8.4,True,99.58,78.72,97.83,35.0,43.9,37.3,1C 2L 2W 5Q,1C 2C 2P,1C 5Q 7Q 8Q,2I 7I,2026-02-04
FRAG,Angresse,CHCC220GR2 CHCD,True,TRIMBLE BD990,True,"5.61,27/JUN/2023",True,99.5,74.11,92.86,16.5,22.5,16.8,1C 2W 2X 5X,1C 2C,1X 5X 7X 8X,2I 6I 7I,2026-02-04
FRAV,Aveze,CHCC220GR2 CHCD,True,TRIMBLE BD990,True,"5.61,27/JUN/2023",True,100.0,72.76,88.89,16.0,21.7,26.9,1C 2W 5X,1C 2C,1X 5X 6X 7X 8X,2I 6I 7I,2026-02-04
FRBA,Barcelonette,CHCC220GR2 CHCD,True,TRIMBLE BD990,True,"5.61,27/JUN/2023",True,96.67,65.13,97.14,14.1,24.3,27.5,1C 2W 5X,1C 1P 2C 2P,1X 5X 6X 7X 8X,2I 6I 7I,2026-02-04
FRCP,Case_De_Pene,CHCC220GR2 CHCD,True,TRIMBLE BD990,True,"5.61,27/JUN/2023",True,100.0,69.09,97.37,14.6,27.2,30.1,1C 2W 5X,1C 2C 2P,1X 5X 7X 8X,2I 7I,2026-02-04
FRCT,Castellane,CHCC220GR2 CHCD,True,TRIMBLE BD990,True,"5.61,27/JUN/2023",True,99.96,65.01,97.92,16.7,21.4,26.3,1C 2W 5X,1C 1P 2C 2P,1X 5X 6X 7X 8X,2I 6I 7I,2026-02-04
FRCA,Castres,CHCC220GR2 CHCD,True,TRIMBLE BD990,True,"5.61,27/JUN/2023",True,100.0,73.79,95.45,15.8,24.3,26.4,1C 2W 5X,1C 2C,1X 5X 6X 7X 8X,2I 6I 7I,2026-02-04
FRCD,Chateau_D_Olonne,CHCC220GR2 CHCD,True,TRIMBLE BD970,True,"5.41,24/APR/2019",True,100.0,77.21,99.95,27.2,21.6,20.3,1C 2W 5X,1C 2C,1X 5X 7X 8X,2I 7I,2026-02-04
FRDM,Dhuis_Et_Morin_En_Brie,CHCC220GR2 CHCD,True,TRIMBLE BD990,True,"5.61,27/JUN/2023",True,100.0,71.51,92.31,13.3,21.2,25.4,1C 2W 5X,1C 1P 2C,1X 5X 6X 7X 8X,2I 6I 7I,2026-02-04
FRDO,Dontcourt_Aux_Templiers,CHCC220GR2 CHCD,True,TRIMBLE BD990,True,"5.61,27/JUN/2023",True,100.0,70.36,87.5,13.4,22.1,25.6,1C 2W 5X,1C 2C,1X 5X 6X 7X 8X,2I 6I 7I,2026-02-04
FRDZ,Donzere,CHCC220GR2 CHCD,True,TRIMBLE BD990,True,"5.61,27/JUN/2023",True,100.0,72.64,92.86,13.5,21.5,24.9,1C 2W 5X,1C 2C,1X 5X 6X 7X 8X,2I 6I 7I,2026-02-04
FRDR,Drucat,CHCC220GR CHCD,True,TRIMBLE BD970,True,"5.41,24/APR/2019",True,100.0,61.69,99.84,27.7,25.0,24.4,1C 2W 5X,1C 2C,1X 5X 7X 8X,2I 7I,2026-02-04
FREB,Ebersheim,CHCC220GR CHCD,True,TRIMBLE BD970,True,"5.41,24/APR/2019",True,100.0,61.25,99.85,26.5,24.9,24.1,1C 2W 5X,1C 2C,1X 5X 7X 8X,2I 7I,2026-02-04
FRGU,Guidel,CHCC220GR CHCD,True,TRIMBLE BD970,True,"5.41,24/APR/2019",True,100.0,62.03,99.7,28.4,26.8,0.0,1C 2W,1C 2C,1X 5X 7X 8X,2I 7I,2026-02-04
FRBO,La_Bourdiniere,CHCC220GR2 CHCD,True,TRIMBLE BD970,True,"5.41,24/APR/2019",True,99.75,62.75,99.84,26.5,23.4,22.0,1C 2W 5X,1C 2C,1X 5X 7X 8X,2I 7I,2026-02-04
FRPE,Le_Puy_En_Velay,CHCC220GR2 CHCD,True,TRIMBLE BD990,True,"5.61,27/JUN/2023",True,100.0,72.9,98.59,14.0,22.5,26.6,1C 2W 5X,1C 2C 2P,1X 5X 6X 7X 8X,2I 6I 7I,2026-02-04
FRMY,Maye,CHCC220GR CHCD,True,TRIMBLE BD970,True,"5.41,24/APR/2019",True,100.0,63.03,99.81,30.6,25.6,26.2,1C 2W 5X,1C 2C,1X 5X 7X 8X,2I 7I,2026-02-04
FRMZ,Mazan,CHCC220GR2 CHCD,True,TRIMBLE BD990,True,"5.61,27/JUN/2023",True,100.0,72.45,87.5,14.7,23.1,29.3,1C 2W 5X,1C 2C,1X 5X 6X 7X 8X,2I 6I 7I,2026-02-04
FRME,Melle,CHCC220GR2 CHCD,True,TRIMBLE BD990,True,"5.61,27/JUN/2023",True,100.0,72.76,93.75,14.5,20.9,23.5,1C 2W 5X,1C 1P 2C 2P,1X 5X 6X 7X 8X,2I 6I 7I,2026-02-04
FRMS,Mours_Saint_Eusebe,CHCC220GR2 CHCD,True,TRIMBLE BD970,True,"5.41,24/APR/2019",True,99.12,65.32,99.88,25.7,19.8,19.7,1C 2W 5X,1C 2C,1X 5X 7X 8X,2I 7I,2026-02-04
FRNE,Neuville,CHCC220GR CHCD,True,TRIMBLE BD970,True,"5.41,24/APR/2019",True,100.0,76.13,99.95,31.0,28.4,26.8,1C 2W 5X,1C 2C,1X 5X 7X 8X,2I 7I,2026-02-04
FRNU,Nuisement,CHCC220GR CHCD,True,TRIMBLE BD970,True,"5.41,24/APR/2019",True,99.75,72.81,99.77,35.1,38.7,39.2,1C 2W 5X,1C 2C,1X 5X 7X 8X,2I 7I,2026-02-04
FRPA,Piau_Engal,CHCC220GR CHCD,False,TRIMBLE BD970,False,"5.41,24/APR/2019",False,100.0,71.03,96.55,15.7,21.5,13.6,1C 1X 2W 5X,1C 2C 2P,1X 5X 6X 7X 8X,2I 6I 7I,2026-02-04
FRPL,Plouhinec,CHCC220GR2 CHCD,True,TRIMBLE BD990,True,"5.61,27/JUN/2023",True,99.75,70.98,50.0,15.6,24.0,27.1,1C 2W 5X,1C 2C 2P,1X 5X 6X 7X 8X,2I 6I 7I,2026-02-04
FRSL,Sabl,CHCC220GR CHCD,True,TRIMBLE BD990,True,"5.61,27/JUN/2023",True,100.0,75.38,95.0,15.5,24.1,24.2,1C 2W 5X,1C 1P 2C 2P,1X 5X 6X 7X 8X,2I 6I 7I,2026-02-04
FRSN,Saint_Nabord,CHCC220GR2 CHCD,True,TRIMBLE BD990,True,"5.61,27/JUN/2023",True,100.0,70.0,80.0,15.6,25.6,30.6,1C 2W 5X,1C 2C 2P,1X 5X 6X 7X 8X,2I 6I 7I,2026-02-04
FRSU,Sautron,CHCC220GR2 CHCD,True,TRIMBLE BD970,True,"5.41,24/APR/2019",True,99.75,61.04,99.77,27.0,27.8,30.1,1C 2W 5X,1C 2C,1X 5X 7X 8X,2I 7I,2026-02-04
FRSV,Saviere,CHCC220GR2 CHCD,True,TRIMBLE BD990,True,"5.61,27/JUN/2023",True,100.0,69.27,97.87,13.5,24.1,28.0,1C 1X 2W 5X,1C 1P 2C 2P,1X 5X 6X 7X 8X,2I 6I 7I,2026-02-04
FRUN,Ugine,CHCC220GR2 CHCD,True,TRIMBLE BD990,True,"5.61,27/JUN/2023",True,100.0,64.45,97.44,18.8,26.4,29.6,1C 2W 5X,1C 1P 2C,1X 5X 6X 7X 8X,2I 6I 7I,2026-02-04
FRVL,Villevaude,CHCC220GR2 CHCD,True,TRIMBLE BD990,True,"5.61,27/JUN/2023",True,100.0,71.36,90.0,15.8,29.2,19.9,1C 1X 2W 5X,1C 2C,1X 5X 6X 7X 8X,2I 6I 7I,2026-02-04
FRSI,Saint_Pantaleon_De_Larche,CHCC220GR2 CHCD,True,TRIMBLE BD990,True,"5.61,27/JUN/2023",True,100.0,74.03,85.71,14.4,23.1,26.6,1C 2W 5X,1C 2C,1X 5X 6X 7X 8X,2I 6I 7I,2026-02-04
FRCH,Cherbourg,CHCC220GR CHCD,True,TRIMBLE BD970,True,"5.41,24/APR/2019",True,100.0,62.4,99.79,29.1,27.0,24.8,1C 2W 5X,1C 2C,1X 5X 7X 8X,2I 7I,2026-02-04
2ANG,2ANG_MSM7,TWIVP6050_CONE NONE,True,SEPT ASTERX SB,True,4.8.4,True,99.38,78.18,99.32,27.3,34.2,28.1,1C 2L 2W 5Q,1C 2C 2P,1C 5Q 7Q 8Q,2I 7I,2026-02-05
2ANN,2ANN_MSM7,TWIVC6050 SCIS,True,SEPT ASTERX SB,True,4.8.4,True,99.12,78.07,96.3,18.3,18.5,13.8,1C 2L 2W 5Q,1C 2C 2P,1C 5Q 7Q 8Q,2I 7I,2026-02-05
2AUC,2AUC_MSM7,TWIVC6050 SCIS,True,SEPT ASTERX SB,True,4.8.4,True,99.79,79.15,99.87,30.3,31.3,28.7,1C 2L 2W 5Q,1C 2C 2P,1C 5Q 7Q 8Q,2I 7I,2026-02-05
2BAL,2BAL_MSM7,TWIVC6050 SCIS,True,SEPT ASTERX SB,True,4.8.4,True,100.0,78.65,99.67,23.7,25.5,22.1,1C 2L 2W 5Q,1C 2C 2P,1C 5Q 7Q 8Q,2I 7I,2026-02-05
2BAS,2BAS_MSM7,TWIVC6050 SCIS,True,SEPT ASTERX SB,True,4.8.4,True,98.0,75.77,85.72,23.0,24.9,19.5,1C 2L 2W 5Q,1C 2C 2P,1C 5Q 7Q 8Q,2I 7I,2026-02-05
2BIL,2BIL_MSM7,TWIVP6050_CONE NONE,True,SEPT ASTERX SB,True,4.8.4,True,99.75,76.69,99.62,32.9,37.3,28.7,1C 2L 2W 5Q,1C 2C 2P,1C 5Q 7Q 8Q,2I 7I,2026-02-05
2CAS,2CAS_MSM7,TWIVC6050 SCIS,True,NOV OEM7700-1.02,True,OM7CR0800RN0000,True,99.29,76.06,98.8,38.4,32.9,27.5,1C 2S 2W 5Q,1C 2C 2P,1C 5Q 7Q 8Q,2I 6I 7I,2026-02-05
2CHR,2CHR_MSM7,TRM77971.00     NONE,False,SEPT ASTERX SB,True,4.8.4,True,99.87,79.52,99.12,29.7,32.4,26.1,1C 2L 2W 5Q,1C 2C 2P,1C 5Q 7Q 8Q,2I 7I,2026-02-05
2CIU,2CIU_MSM7,TWIVP6050_CONE NONE,True,SEPT ASTERX SB,True,4.8.4,True,99.12,81.66,99.3,32.7,37.0,30.6,1C 2L 2W 5Q,1C 2C 2P,1C 5Q 7Q 8Q,2I 7I,2026-02-05
2CLI,2CLI_MSM7,CHCA220GR       NONE,False,SEPT ASTERX SB,True,4.8.4,True,97.92,77.68,99.78,36.2,39.4,31.7,1C 2L 2W 5Q,1C 2C 2P,1C 5Q 7Q 8Q,2I 7I,2026-02-05
2CUM,2CUM_MSM7,TWIVP6050_CONE NONE,True,SEPT ASTERX SB,True,4.8.4,True,95.54,78.13,99.42,32.5,35.6,27.4,1C 2L 2W 5Q,1C 2C 2P,1C 5Q 7Q 8Q,2I 7I,2026-02-05
2DUN,2DUN_MSM7,TWIVP6050_CONE NONE,True,SEPT ASTERX SB,True,4.8.4,True,99.79,80.31,99.86,35.8,39.5,32.1,1C 2L 2W 5Q,1C 2C 2P,1C 5Q 7Q 8Q,2I 7I,2026-02-05
2FIG,2FIG_MSM7,TWIVC6050 SCIS,True,SEPT ASTERX SB,True,4.8.4,True,100.0,78.3,98.65,21.9,23.9,19.6,1C 2L 2W 5Q,1C 2C 2P,1C 5Q 7Q 8Q,2I 7I,2026-02-05
2GAW,2GAW_MSM7,TWIVC6050 SCIS,True,SEPT ASTERX SB,True,4.8.4,True,99.92,77.73,98.67,25.4,28.6,23.3,1C 2L 2W 5Q,1C 2C 2P,1C 5Q 7Q 8Q,2I 7I,2026-02-05
2IMP,2IMP_MSM7,TWIVP6050_CONE NONE,True,SEPT ASTERX SB,True,4.8.4,True,97.67,75.75,95.65,31.7,31.4,23.6,1C 2L 2W 5Q,1C 2C 2P,1C 5Q 7Q 8Q,2I 7I,2026-02-05
2INV,2INV_MSM7,TWIVP6050_CONE NONE,True,SEPT ASTERX SB,True,4.8.4,True,99.58,80.24,99.78,35.2,38.3,31.4,1C 2L 2W 5Q,1C 2C 2P,1C 5Q 7Q 8Q,2I 7I,2026-02-05
2KIR,2KIR_MSM7,TWIVC6050 SCIS,True,SEPT ASTERX SB,True,4.8.4,True,100.0,80.96,96.77,22.8,23.4,17.9,1C 2L 2W 5Q,1C 2C 2P,1C 5Q 7Q 8Q,2I 7I,2026-02-05
2LIA,2LIA_MSM7,TWIVP6050_CONE NONE,True,SEPT ASTERX SB,True,4.8.4,True,100.0,78.62,97.73,35.6,40.7,32.3,1C 2L 2W 5Q,1C 2C 2P,1C 5Q 7Q 8Q,2I 7I,2026-02-05
2NER,2NER_MSM7,TWIVC6050 SCIS,True,SEPT ASTERX SB,True,4.8.4,True,99.79,77.69,99.64,23.2,24.6,21.4,1C 2L 2W 5Q,1C 2C 2P,1C 5Q 7Q 8Q,2I 7I,2026-02-05
2OBA,2OBA_MSM7,TWIVP6050_CONE NONE,True,SEPT ASTERX SB,True,4.8.4,True,99.42,78.76,99.7,35.1,39.9,35.1,1C 2L 2W 5Q,1C 2C 2P,1C 5Q 7Q 8Q,2I 7I,2026-02-05
2PIM,2PIM_MSM7,TRM77971.00 NONE,True,SEPT ASTERX SB,True,4.8.4,True,100.0,79.83,99.12,44.7,42.5,38.3,1C 2L 2W 5Q,1C 2C 2P,1C 5Q 7Q 8Q,2I 7I,2026-02-05
2SAL,2SAL_MSM7,TWIVP6050_CONE NONE,True,SEPT ASTERX SB,True,4.8.4,True,97.25,78.19,99.83,25.4,31.3,25.9,1C 2L 2W 5Q,1C 2C 2P,1C 5Q 7Q 8Q,2I 7I,2026-02-05
2TER,2TER_MSM7,TWIVP6050_CONE NONE,True,SEPT ASTERX SB,True,4.8.4,True,99.58,81.84,98.89,27.3,32.6,26.5,1C 2L 2W 5Q,1C 2C 2P,1C 5Q 7Q 8Q,2I 7I,2026-02-05
2UBE,2UBE_MSM7,TWIVP6050_CONE NONE,True,SEPT ASTERX SB,True,4.8.4,True,95.92,78.74,98.44,33.2,34.8,26.5,1C 2L 2W 5Q,1C 2C 2P,1C 5Q 7Q 8Q,2I 7I,2026-02-05
2VIE,2VIE_MSM7,TWIVC6050 SCIS,True,SEPT ASTERX SB,True,4.8.4,True,100.0,80.79,99.26,30.2,29.8,25.4,1C 2L 2W 5Q,1C 2C 2P,1C 5Q 7Q 8Q,2I 7I,2026-02-05
2WOR,2WOR_MSM7,CHCA220GR       NONE,False,SEPT ASTERX SB,True,4.8.4,True,96.67,76.5,99.66,35.1,49.2,38.5,1C 2L 2W 5Q,1C 2C 2P,1C 5Q 7Q 8Q,2I 7I,2026-02-05
FRAG,Angresse,CHCC220GR2 CHCD,True,TRIMBLE BD990,True,"5.61,27/JUN/2023",True,99.5,73.2,91.67,16.5,22.1,16.5,1C 1X 2W 2X 5X,1C 2C,1X 5X 7X 8X,2I 6I 7I,2026-02-05
FRAV,Aveze,CHCC220GR2 CHCD,True,TRIMBLE BD990,True,"5.61,27/JUN/2023",True,100.0,73.18,96.67,16.2,21.8,27.0,1C 2W 5X,1C 1P 2C 2P,1X 5X 6X 7X 8X,2I 6I 7I,2026-02-05
FRBA,Barcelonette,CHCC220GR2 CHCD,True,TRIMBLE BD990,True,"5.61,27/JUN/2023",True,80.75,53.43,96.3,14.5,25.2,27.7,1C 2W 5X,1C 1P 2C 2P,1X 5X 6X 7X 8X,2I 6I 7I,2026-02-05
FRCP,Case_De_Pene,CHCC220GR2 CHCD,True,TRIMBLE BD990,True,"5.61,27/JUN/2023",True,100.0,69.06,97.3,14.6,27.3,29.8,1C 2W 5X,1C 1P 2C 2P,1X 5X 7X 8X,2I 7I,2026-02-05
FRCT,Castellane,CHCC220GR2 CHCD,True,TRIMBLE BD990,True,"5.61,27/JUN/2023",True,100.0,65.3,97.06,16.8,21.6,26.3,1C 2W 5X,1C 1P 2C 2P,1X 5X 6X 7X 8X,2I 6I 7I,2026-02-05
FRCA,Castres,CHCC220GR2 CHCD,True,TRIMBLE BD990,True,"5.61,27/JUN/2023",True,100.0,74.02,87.5,14.9,23.9,26.8,1C 2W 5X,1C 2C,1X 5X 6X 7X 8X,2I 6I 7I,2026-02-05
FRCD,Chateau_D_Olonne,CHCC220GR2 CHCD,True,TRIMBLE BD970,True,"5.41,24/APR/2019",True,100.0,77.89,99.95,27.4,22.0,19.7,1C 2W 5X,1C 2C,1X 5X 7X 8X,2I 7I,2026-02-05
FRDM,Dhuis_Et_Morin_En_Brie,CHCC220GR2 CHCD,True,TRIMBLE BD990,True,"5.61,27/JUN/2023",True,100.0,71.91,92.86,13.1,21.5,25.5,1C 2W 5X,1C 2C 2P,1X 5X 6X 7X 8X,2I 6I 7I,2026-02-05
FRDO,Dontcourt_Aux_Templiers,CHCC220GR2 CHCD,True,TRIMBLE BD990,True,"5.61,27/JUN/2023",True,100.0,70.81,90.91,13.4,22.0,25.6,1C 2W 5X,1C 2C,1X 5X 6X 7X 8X,2I 6I 7I,2026-02-05
FRDZ,Donzere,CHCC220GR2 CHCD,True,TRIMBLE BD990,True,"5.61,27/JUN/2023",True,100.0,73.04,94.44,13.2,21.4,24.9,1C 2W 5X,1C 2C,1X 5X 6X 7X 8X,2I 6I 7I,2026-02-05
FRDR,Drucat,CHCC220GR CHCD,True,TRIMBLE BD970,True,"5.41,24/APR/2019",True,100.0,62.8,99.85,27.6,24.8,24.3,1C 2W 5X,1C 2C,1X 5X 7X 8X,2I 7I,2026-02-05
FREB,Ebersheim,CHCC220GR CHCD,True,TRIMBLE BD970,True,"5.41,24/APR/2019",True,100.0,62.52,99.87,26.5,24.9,23.6,1C 2W 5X,1C 2C,1X 5X 7X 8X,2I 7I,2026-02-05
FRGU,Guidel,CHCC220GR CHCD,True,TRIMBLE BD970,True,"5.41,24/APR/2019",True,100.0,62.82,99.72,28.4,27.5,0.0,1C 2W,1C 2C,1X 5X 7X 8X,2I 7I,2026-02-05
FRBO,La_Bourdiniere,CHCC220GR2 CHCD,True,TRIMBLE BD970,True,"5.41,24/APR/2019",True,100.0,64.08,99.84,26.5,23.0,22.1,1C 2W 5X,1C 2C,1X 5X 7X 8X,2I 7I,2026-02-05
FRPE,Le_Puy_En_Velay,CHCC220GR2 CHCD,True,TRIMBLE BD990,True,"5.61,27/JUN/2023",True,98.88,71.9,98.55,13.9,22.3,26.4,1C 2W 5X,1C 2C 2P,1X 5X 6X 7X 8X,2I 6I 7I,2026-02-05
FRMY,Maye,CHCC220GR CHCD,True,TRIMBLE BD970,True,"5.41,24/APR/2019",True,100.0,64.16,99.81,30.7,25.7,26.2,1C 2W 5X,1C 2C,1X 5X 7X 8X,2I 7I,2026-02-05
FRMZ,Mazan,CHCC220GR2 CHCD,True,TRIMBLE BD990,True,"5.61,27/JUN/2023",True,100.0,72.87,93.75,14.8,22.8,29.0,1C 2W 5X,1C 2C,1X 5X 6X 7X 8X,2I 6I 7I,2026-02-05
FRME,Melle,CHCC220GR2 CHCD,True,TRIMBLE BD990,True,"5.61,27/JUN/2023",True,100.0,73.02,96.67,14.5,21.7,23.5,1C 2W 5X,1C 2C 2P,1X 5X 6X 7X 8X,2I 6I 7I,2026-02-05
FRMS,Mours_Saint_Eusebe,CHCC220GR2 CHCD,True,TRIMBLE BD970,True,"5.41,24/APR/2019",True,99.75,67.02,99.89,25.6,19.8,19.7,1C 2W 5X,1C 2C,1X 5X 7X 8X,2I 7I,2026-02-05
FRNE,Neuville,CHCC220GR CHCD,True,TRIMBLE BD970,True,"5.41,24/APR/2019",True,100.0,77.06,99.94,30.7,28.9,27.1,1C 2W 5X,1C 2C,1X 5X 7X 8X,2I 7I,2026-02-05
FRNU,Nuisement,CHCC220GR CHCD,True,TRIMBLE BD970,True,"5.41,24/APR/2019",True,99.0,72.99,99.77,36.0,39.2,39.6,1C 2W 5X,1C 2C,1X 5X 7X 8X,2I 7I,2026-02-05
FRPA,Piau_Engal,CHCC220GR CHCD,False,TRIMBLE BD970,False,"5.41,24/APR/2019",False,100.0,70.1,96.43,15.3,21.0,13.6,1C 1X 2W 5X,1C 2C,1X 5X 6X 7X 8X,2I 6I 7I,2026-02-05
FRPL,Plouhinec,CHCC220GR2 CHCD,True,TRIMBLE BD990,True,"5.61,27/JUN/2023",True,99.75,71.06,85.72,15.6,24.8,27.7,1C 2W 5X,1C 2C 2P,1X 5X 6X 7X 8X,2I 6I 7I,2026-02-05
FRSL,Sabl,CHCC220GR CHCD,True,TRIMBLE BD990,True,"5.61,27/JUN/2023",True,100.0,75.94,94.45,15.4,23.8,24.6,1C 2W 5X,1C 2C 2P,1X 5X 6X 7X 8X,2I 6I 7I,2026-02-05
FRSN,Saint_Nabord,CHCC220GR2 CHCD,True,TRIMBLE BD990,True,"5.61,27/JUN/2023",True,100.0,70.37,87.5,15.8,25.5,30.5,1C 2W 5X,1C 2C 2P,1X 5X 6X 7X 8X,2I 6I 7I,2026-02-05
FRSU,Sautron,CHCC220GR2 CHCD,True,TRIMBLE BD970,True,"5.41,24/APR/2019",True,100.0,62.14,99.77,27.6,27.9,30.5,1C 2W 5X,1C 2C,1X 5X 7X 8X,2I 7I,2026-02-05
FRSV,Saviere,CHCC220GR2 CHCD,True,TRIMBLE BD990,True,"5.61,27/JUN/2023",True,100.0,69.77,98.78,13.7,24.2,28.6,1C 1X 2W 5X,1C 1P 2C 2P,1X 5X 6X 7X 8X,2I 6I 7I,2026-02-05
FRUN,Ugine,CHCC220GR2 CHCD,True,TRIMBLE BD990,True,"5.61,27/JUN/2023",True,100.0,64.4,96.43,19.4,26.3,29.2,1C 2W 5X,1C 1P 2C 2P,1X 5X 6X 7X 8X,2I 6I 7I,2026-02-05
FRVL,Villevaude,CHCC220GR2 CHCD,True,TRIMBLE BD990,True,"5.61,27/JUN/2023",True,95.54,68.68,95.45,15.9,28.1,19.1,1C 1X 2W 5X,1C 1P 2C,1X 5X 6X 7X 8X,2I 6I 7I,2026-02-05
FRSI,Saint_Pantaleon_De_Larche,CHCC220GR2 CHCD,True,TRIMBLE BD990,True,"5.61,27/JUN/2023",True,100.0,73.3,90.91,14.7,23.2,27.1,1C 2W 5X,1C 2C,1X 5X 6X 7X 8X,2I 6I 7I,2026-02-05
FRCH,Cherbourg,CHCC220GR CHCD,True,TRIMBLE BD970,True,"5.41,24/APR/2019",True,100.0,63.5,99.78,29.0,26.4,24.5,1C 2W 5X,1C 2C,1X 5X 7X 8X,2I 7I,2026-02-05
